ip,hostname,asn,country,events,event_nodes,event_categories_c,event_categories,rep_score,blacklists,tags,ts_added,ts_last_event
64.62.197.112,scan-47e.shadowserver.org,6939,US,3850,5,3,AnomalyTraffic|AttemptLogin|ReconScanning,0.8517857142857144,dshield|turris_greylist|abuseipdb|spamhaus-xbl-cbl|uceprotect|blocklist_de-ssh|ciarmy,reconscanning|whitelist|researchscanners,2021-03-24T16:22:28Z,2025-08-10T18:18:37Z
64.62.197.112,scan-47e.shadowserver.org,6939,US,3850,5,3,AnomalyTraffic|AttemptLogin|ReconScanning,0.8517857142857144,dshield|turris_greylist|abuseipdb|spamhaus-xbl-cbl|uceprotect|blocklist_de-ssh|ciarmy,reconscanning|whitelist|researchscanners,2021-03-24T16:22:28Z,2025-08-10T18:18:37Z
64.62.197.112,scan-47e.shadowserver.org,6939,US,3850,5,3,AnomalyTraffic|AttemptLogin|ReconScanning,0.8517857142857144,dshield|turris_greylist|abuseipdb|spamhaus-xbl-cbl|uceprotect|blocklist_de-ssh|ciarmy,reconscanning|whitelist|researchscanners,2021-03-24T16:22:28Z,2025-08-10T18:18:37Z
64.62.197.112,scan-47e.shadowserver.org,6939,US,3850,5,3,AnomalyTraffic|AttemptLogin|ReconScanning,0.8517857142857144,dshield|turris_greylist|abuseipdb|spamhaus-xbl-cbl|uceprotect|blocklist_de-ssh|ciarmy,reconscanning|whitelist|researchscanners,2021-03-24T16:22:28Z,2025-08-10T18:18:37Z
64.62.197.112,scan-47e.shadowserver.org,6939,US,3850,5,3,AnomalyTraffic|AttemptLogin|ReconScanning,0.8517857142857144,dshield|turris_greylist|abuseipdb|spamhaus-xbl-cbl|uceprotect|blocklist_de-ssh|ciarmy,reconscanning|whitelist|researchscanners,2021-03-24T16:22:28Z,2025-08-10T18:18:37Z
64.62.197.112,scan-47e.shadowserver.org,6939,US,3850,5,3,AnomalyTraffic|AttemptLogin|ReconScanning,0.8517857142857144,dshield|turris_greylist|abuseipdb|spamhaus-xbl-cbl|uceprotect|blocklist_de-ssh|ciarmy,reconscanning|whitelist|researchscanners,2021-03-24T16:22:28Z,2025-08-10T18:18:37Z
64.62.197.112,scan-47e.shadowserver.org,6939,US,3850,5,3,AnomalyTraffic|AttemptLogin|ReconScanning,0.8517857142857144,dshield|turris_greylist|abuseipdb|spamhaus-xbl-cbl|uceprotect|blocklist_de-ssh|ciarmy,reconscanning|whitelist|researchscanners,2021-03-24T16:22:28Z,2025-08-10T18:18:37Z
64.62.197.112,scan-47e.shadowserver.org,6939,US,3850,5,3,AnomalyTraffic|AttemptLogin|ReconScanning,0.8517857142857144,dshield|turris_greylist|abuseipdb|spamhaus-xbl-cbl|uceprotect|blocklist_de-ssh|ciarmy,reconscanning|whitelist|researchscanners,2021-03-24T16:22:28Z,2025-08-10T18:18:37Z
64.62.197.112,scan-47e.shadowserver.org,6939,US,3850,5,3,AnomalyTraffic|AttemptLogin|ReconScanning,0.8517857142857144,dshield|turris_greylist|abuseipdb|spamhaus-xbl-cbl|uceprotect|blocklist_de-ssh|ciarmy,reconscanning|whitelist|researchscanners,2021-03-24T16:22:28Z,2025-08-10T18:18:37Z
64.62.197.112,scan-47e.shadowserver.org,6939,US,3850,5,3,AnomalyTraffic|AttemptLogin|ReconScanning,0.8517857142857144,dshield|turris_greylist|abuseipdb|spamhaus-xbl-cbl|uceprotect|blocklist_de-ssh|ciarmy,reconscanning|whitelist|researchscanners,2021-03-24T16:22:28Z,2025-08-10T18:18:37Z
64.62.197.112,scan-47e.shadowserver.org,6939,US,3850,5,3,AnomalyTraffic|AttemptLogin|ReconScanning,0.8517857142857144,dshield|turris_greylist|abuseipdb|spamhaus-xbl-cbl|uceprotect|blocklist_de-ssh|ciarmy,reconscanning|whitelist|researchscanners,2021-03-24T16:22:28Z,2025-08-10T18:18:37Z
64.62.197.112,scan-47e.shadowserver.org,6939,US,3850,5,3,AnomalyTraffic|AttemptLogin|ReconScanning,0.8517857142857144,dshield|turris_greylist|abuseipdb|spamhaus-xbl-cbl|uceprotect|blocklist_de-ssh|ciarmy,reconscanning|whitelist|researchscanners,2021-03-24T16:22:28Z,2025-08-10T18:18:37Z
64.62.197.112,scan-47e.shadowserver.org,6939,US,3850,5,3,AnomalyTraffic|AttemptLogin|ReconScanning,0.8517857142857144,dshield|turris_greylist|abuseipdb|spamhaus-xbl-cbl|uceprotect|blocklist_de-ssh|ciarmy,reconscanning|whitelist|researchscanners,2021-03-24T16:22:28Z,2025-08-10T18:18:37Z
64.62.197.112,scan-47e.shadowserver.org,6939,US,3850,5,3,AnomalyTraffic|AttemptLogin|ReconScanning,0.8517857142857144,dshield|turris_greylist|abuseipdb|spamhaus-xbl-cbl|uceprotect|blocklist_de-ssh|ciarmy,reconscanning|whitelist|researchscanners,2021-03-24T16:22:28Z,2025-08-10T18:18:37Z
64.62.197.112,scan-47e.shadowserver.org,6939,US,3850,5,3,AnomalyTraffic|AttemptLogin|ReconScanning,0.8517857142857144,dshield|turris_greylist|abuseipdb|spamhaus-xbl-cbl|uceprotect|blocklist_de-ssh|ciarmy,reconscanning|whitelist|researchscanners,2021-03-24T16:22:28Z,2025-08-10T18:18:37Z
64.62.197.112,scan-47e.shadowserver.org,6939,US,3850,5,3,AnomalyTraffic|AttemptLogin|ReconScanning,0.8517857142857144,dshield|turris_greylist|abuseipdb|spamhaus-xbl-cbl|uceprotect|blocklist_de-ssh|ciarmy,reconscanning|whitelist|researchscanners,2021-03-24T16:22:28Z,2025-08-10T18:18:37Z
64.62.197.112,scan-47e.shadowserver.org,6939,US,3850,5,3,AnomalyTraffic|AttemptLogin|ReconScanning,0.8517857142857144,dshield|turris_greylist|abuseipdb|spamhaus-xbl-cbl|uceprotect|blocklist_de-ssh|ciarmy,reconscanning|whitelist|researchscanners,2021-03-24T16:22:28Z,2025-08-10T18:18:37Z
64.62.197.112,scan-47e.shadowserver.org,6939,US,3850,5,3,AnomalyTraffic|AttemptLogin|ReconScanning,0.8517857142857144,dshield|turris_greylist|abuseipdb|spamhaus-xbl-cbl|uceprotect|blocklist_de-ssh|ciarmy,reconscanning|whitelist|researchscanners,2021-03-24T16:22:28Z,2025-08-10T18:18:37Z
64.62.197.112,scan-47e.shadowserver.org,6939,US,3850,5,3,AnomalyTraffic|AttemptLogin|ReconScanning,0.8517857142857144,dshield|turris_greylist|abuseipdb|spamhaus-xbl-cbl|uceprotect|blocklist_de-ssh|ciarmy,reconscanning|whitelist|researchscanners,2021-03-24T16:22:28Z,2025-08-10T18:18:37Z
64.62.197.112,scan-47e.shadowserver.org,6939,US,3850,5,3,AnomalyTraffic|AttemptLogin|ReconScanning,0.8517857142857144,dshield|turris_greylist|abuseipdb|spamhaus-xbl-cbl|uceprotect|blocklist_de-ssh|ciarmy,reconscanning|whitelist|researchscanners,2021-03-24T16:22:28Z,2025-08-10T18:18:37Z
64.62.197.112,scan-47e.shadowserver.org,6939,US,3850,5,3,AnomalyTraffic|AttemptLogin|ReconScanning,0.8517857142857144,dshield|turris_greylist|abuseipdb|spamhaus-xbl-cbl|uceprotect|blocklist_de-ssh|ciarmy,reconscanning|whitelist|researchscanners,2021-03-24T16:22:28Z,2025-08-10T18:18:37Z
64.62.197.112,scan-47e.shadowserver.org,6939,US,3850,5,3,AnomalyTraffic|AttemptLogin|ReconScanning,0.8517857142857144,dshield|turris_greylist|abuseipdb|spamhaus-xbl-cbl|uceprotect|blocklist_de-ssh|ciarmy,reconscanning|whitelist|researchscanners,2021-03-24T16:22:28Z,2025-08-10T18:18:37Z
64.62.197.112,scan-47e.shadowserver.org,6939,US,3850,5,3,AnomalyTraffic|AttemptLogin|ReconScanning,0.8517857142857144,dshield|turris_greylist|abuseipdb|spamhaus-xbl-cbl|uceprotect|blocklist_de-ssh|ciarmy,reconscanning|whitelist|researchscanners,2021-03-24T16:22:28Z,2025-08-10T18:18:37Z
64.62.197.112,scan-47e.shadowserver.org,6939,US,3850,5,3,AnomalyTraffic|AttemptLogin|ReconScanning,0.8517857142857144,dshield|turris_greylist|abuseipdb|spamhaus-xbl-cbl|uceprotect|blocklist_de-ssh|ciarmy,reconscanning|whitelist|researchscanners,2021-03-24T16:22:28Z,2025-08-10T18:18:37Z
64.62.197.112,scan-47e.shadowserver.org,6939,US,3850,5,3,AnomalyTraffic|AttemptLogin|ReconScanning,0.8517857142857144,dshield|turris_greylist|abuseipdb|spamhaus-xbl-cbl|uceprotect|blocklist_de-ssh|ciarmy,reconscanning|whitelist|researchscanners,2021-03-24T16:22:28Z,2025-08-10T18:18:37Z
64.62.197.112,scan-47e.shadowserver.org,6939,US,3850,5,3,AnomalyTraffic|AttemptLogin|ReconScanning,0.8517857142857144,dshield|turris_greylist|abuseipdb|spamhaus-xbl-cbl|uceprotect|blocklist_de-ssh|ciarmy,reconscanning|whitelist|researchscanners,2021-03-24T16:22:28Z,2025-08-10T18:18:37Z
64.62.197.112,scan-47e.shadowserver.org,6939,US,3850,5,3,AnomalyTraffic|AttemptLogin|ReconScanning,0.8517857142857144,dshield|turris_greylist|abuseipdb|spamhaus-xbl-cbl|uceprotect|blocklist_de-ssh|ciarmy,reconscanning|whitelist|researchscanners,2021-03-24T16:22:28Z,2025-08-10T18:18:37Z
64.62.197.112,scan-47e.shadowserver.org,6939,US,3850,5,3,AnomalyTraffic|AttemptLogin|ReconScanning,0.8517857142857144,dshield|turris_greylist|abuseipdb|spamhaus-xbl-cbl|uceprotect|blocklist_de-ssh|ciarmy,reconscanning|whitelist|researchscanners,2021-03-24T16:22:28Z,2025-08-10T18:18:37Z
64.62.156.168,scan-84-6.shadowserver.org,6939,US,3145,4,2,AnomalyTraffic|ReconScanning,0.8517857142857144,ciarmy|dshield|abuseipdb|uceprotect|spamhaus-xbl-cbl|turris_greylist|blocklist_de-ssh,whitelist|researchscanners|reconscanning,2025-03-27T00:53:08Z,2025-08-10T18:24:28Z
184.105.247.247,scan-14m.shadowserver.org,,US,24429,5,2,AnomalyTraffic|ReconScanning,0.868452380952381,ciarmy|turris_greylist|abuseipdb|uceprotect,researchscanners|reconscanning|whitelist,2016-07-12T04:34:48Z,2025-08-10T18:27:49Z
64.62.197.112,scan-47e.shadowserver.org,6939,US,3850,5,3,AnomalyTraffic|AttemptLogin|ReconScanning,0.8517857142857144,dshield|turris_greylist|abuseipdb|spamhaus-xbl-cbl|uceprotect|blocklist_de-ssh|ciarmy,reconscanning|whitelist|researchscanners,2021-03-24T16:22:28Z,2025-08-10T18:18:37Z
64.62.197.112,scan-47e.shadowserver.org,6939,US,3850,5,3,AnomalyTraffic|AttemptLogin|ReconScanning,0.8517857142857144,dshield|turris_greylist|abuseipdb|spamhaus-xbl-cbl|uceprotect|blocklist_de-ssh|ciarmy,reconscanning|whitelist|researchscanners,2021-03-24T16:22:28Z,2025-08-10T18:18:37Z
64.62.197.112,scan-47e.shadowserver.org,6939,US,3850,5,3,AnomalyTraffic|AttemptLogin|ReconScanning,0.8517857142857144,dshield|turris_greylist|abuseipdb|spamhaus-xbl-cbl|uceprotect|blocklist_de-ssh|ciarmy,reconscanning|whitelist|researchscanners,2021-03-24T16:22:28Z,2025-08-10T18:18:37Z
64.62.197.112,scan-47e.shadowserver.org,6939,US,3850,5,3,AnomalyTraffic|AttemptLogin|ReconScanning,0.8517857142857144,dshield|turris_greylist|abuseipdb|spamhaus-xbl-cbl|uceprotect|blocklist_de-ssh|ciarmy,reconscanning|whitelist|researchscanners,2021-03-24T16:22:28Z,2025-08-10T18:18:37Z
64.62.197.112,scan-47e.shadowserver.org,6939,US,3850,5,3,AnomalyTraffic|AttemptLogin|ReconScanning,0.8517857142857144,dshield|turris_greylist|abuseipdb|spamhaus-xbl-cbl|uceprotect|blocklist_de-ssh|ciarmy,reconscanning|whitelist|researchscanners,2021-03-24T16:22:28Z,2025-08-10T18:18:37Z
64.62.197.112,scan-47e.shadowserver.org,6939,US,3850,5,3,AnomalyTraffic|AttemptLogin|ReconScanning,0.8517857142857144,dshield|turris_greylist|abuseipdb|spamhaus-xbl-cbl|uceprotect|blocklist_de-ssh|ciarmy,reconscanning|whitelist|researchscanners,2021-03-24T16:22:28Z,2025-08-10T18:18:37Z
64.62.197.112,scan-47e.shadowserver.org,6939,US,3850,5,3,AnomalyTraffic|AttemptLogin|ReconScanning,0.8517857142857144,dshield|turris_greylist|abuseipdb|spamhaus-xbl-cbl|uceprotect|blocklist_de-ssh|ciarmy,reconscanning|whitelist|researchscanners,2021-03-24T16:22:28Z,2025-08-10T18:18:37Z
64.62.197.112,scan-47e.shadowserver.org,6939,US,3850,5,3,AnomalyTraffic|AttemptLogin|ReconScanning,0.8517857142857144,dshield|turris_greylist|abuseipdb|spamhaus-xbl-cbl|uceprotect|blocklist_de-ssh|ciarmy,reconscanning|whitelist|researchscanners,2021-03-24T16:22:28Z,2025-08-10T18:18:37Z
64.62.197.112,scan-47e.shadowserver.org,6939,US,3850,5,3,AnomalyTraffic|AttemptLogin|ReconScanning,0.8517857142857144,dshield|turris_greylist|abuseipdb|spamhaus-xbl-cbl|uceprotect|blocklist_de-ssh|ciarmy,reconscanning|whitelist|researchscanners,2021-03-24T16:22:28Z,2025-08-10T18:18:37Z
64.62.197.112,scan-47e.shadowserver.org,6939,US,3850,5,3,AnomalyTraffic|AttemptLogin|ReconScanning,0.8517857142857144,dshield|turris_greylist|abuseipdb|spamhaus-xbl-cbl|uceprotect|blocklist_de-ssh|ciarmy,reconscanning|whitelist|researchscanners,2021-03-24T16:22:28Z,2025-08-10T18:18:37Z
64.62.197.112,scan-47e.shadowserver.org,6939,US,3850,5,3,AnomalyTraffic|AttemptLogin|ReconScanning,0.8517857142857144,dshield|turris_greylist|abuseipdb|spamhaus-xbl-cbl|uceprotect|blocklist_de-ssh|ciarmy,reconscanning|whitelist|researchscanners,2021-03-24T16:22:28Z,2025-08-10T18:18:37Z
64.62.197.112,scan-47e.shadowserver.org,6939,US,3850,5,3,AnomalyTraffic|AttemptLogin|ReconScanning,0.8517857142857144,dshield|turris_greylist|abuseipdb|spamhaus-xbl-cbl|uceprotect|blocklist_de-ssh|ciarmy,reconscanning|whitelist|researchscanners,2021-03-24T16:22:28Z,2025-08-10T18:18:37Z
64.62.197.112,scan-47e.shadowserver.org,6939,US,3850,5,3,AnomalyTraffic|AttemptLogin|ReconScanning,0.8517857142857144,dshield|turris_greylist|abuseipdb|spamhaus-xbl-cbl|uceprotect|blocklist_de-ssh|ciarmy,reconscanning|whitelist|researchscanners,2021-03-24T16:22:28Z,2025-08-10T18:18:37Z
64.62.197.112,scan-47e.shadowserver.org,6939,US,3850,5,3,AnomalyTraffic|AttemptLogin|ReconScanning,0.8517857142857144,dshield|turris_greylist|abuseipdb|spamhaus-xbl-cbl|uceprotect|blocklist_de-ssh|ciarmy,reconscanning|whitelist|researchscanners,2021-03-24T16:22:28Z,2025-08-10T18:18:37Z
64.62.197.112,scan-47e.shadowserver.org,6939,US,3850,5,3,AnomalyTraffic|AttemptLogin|ReconScanning,0.8517857142857144,dshield|turris_greylist|abuseipdb|spamhaus-xbl-cbl|uceprotect|blocklist_de-ssh|ciarmy,reconscanning|whitelist|researchscanners,2021-03-24T16:22:28Z,2025-08-10T18:18:37Z
64.62.197.112,scan-47e.shadowserver.org,6939,US,3850,5,3,AnomalyTraffic|AttemptLogin|ReconScanning,0.8517857142857144,dshield|turris_greylist|abuseipdb|spamhaus-xbl-cbl|uceprotect|blocklist_de-ssh|ciarmy,reconscanning|whitelist|researchscanners,2021-03-24T16:22:28Z,2025-08-10T18:18:37Z
64.62.197.112,scan-47e.shadowserver.org,6939,US,3850,5,3,AnomalyTraffic|AttemptLogin|ReconScanning,0.8517857142857144,dshield|turris_greylist|abuseipdb|spamhaus-xbl-cbl|uceprotect|blocklist_de-ssh|ciarmy,reconscanning|whitelist|researchscanners,2021-03-24T16:22:28Z,2025-08-10T18:18:37Z
64.62.197.112,scan-47e.shadowserver.org,6939,US,3850,5,3,AnomalyTraffic|AttemptLogin|ReconScanning,0.8517857142857144,dshield|turris_greylist|abuseipdb|spamhaus-xbl-cbl|uceprotect|blocklist_de-ssh|ciarmy,reconscanning|whitelist|researchscanners,2021-03-24T16:22:28Z,2025-08-10T18:18:37Z
64.62.197.112,scan-47e.shadowserver.org,6939,US,3850,5,3,AnomalyTraffic|AttemptLogin|ReconScanning,0.8517857142857144,dshield|turris_greylist|abuseipdb|spamhaus-xbl-cbl|uceprotect|blocklist_de-ssh|ciarmy,reconscanning|whitelist|researchscanners,2021-03-24T16:22:28Z,2025-08-10T18:18:37Z
64.62.197.112,scan-47e.shadowserver.org,6939,US,3850,5,3,AnomalyTraffic|AttemptLogin|ReconScanning,0.8517857142857144,dshield|turris_greylist|abuseipdb|spamhaus-xbl-cbl|uceprotect|blocklist_de-ssh|ciarmy,reconscanning|whitelist|researchscanners,2021-03-24T16:22:28Z,2025-08-10T18:18:37Z
64.62.197.112,scan-47e.shadowserver.org,6939,US,3850,5,3,AnomalyTraffic|AttemptLogin|ReconScanning,0.8517857142857144,dshield|turris_greylist|abuseipdb|spamhaus-xbl-cbl|uceprotect|blocklist_de-ssh|ciarmy,reconscanning|whitelist|researchscanners,2021-03-24T16:22:28Z,2025-08-10T18:18:37Z
64.62.197.112,scan-47e.shadowserver.org,6939,US,3850,5,3,AnomalyTraffic|AttemptLogin|ReconScanning,0.8517857142857144,dshield|turris_greylist|abuseipdb|spamhaus-xbl-cbl|uceprotect|blocklist_de-ssh|ciarmy,reconscanning|whitelist|researchscanners,2021-03-24T16:22:28Z,2025-08-10T18:18:37Z
64.62.197.112,scan-47e.shadowserver.org,6939,US,3850,5,3,AnomalyTraffic|AttemptLogin|ReconScanning,0.8517857142857144,dshield|turris_greylist|abuseipdb|spamhaus-xbl-cbl|uceprotect|blocklist_de-ssh|ciarmy,reconscanning|whitelist|researchscanners,2021-03-24T16:22:28Z,2025-08-10T18:18:37Z
64.62.197.112,scan-47e.shadowserver.org,6939,US,3850,5,3,AnomalyTraffic|AttemptLogin|ReconScanning,0.8517857142857144,dshield|turris_greylist|abuseipdb|spamhaus-xbl-cbl|uceprotect|blocklist_de-ssh|ciarmy,reconscanning|whitelist|researchscanners,2021-03-24T16:22:28Z,2025-08-10T18:18:37Z
64.62.197.112,scan-47e.shadowserver.org,6939,US,3850,5,3,AnomalyTraffic|AttemptLogin|ReconScanning,0.8517857142857144,dshield|turris_greylist|abuseipdb|spamhaus-xbl-cbl|uceprotect|blocklist_de-ssh|ciarmy,reconscanning|whitelist|researchscanners,2021-03-24T16:22:28Z,2025-08-10T18:18:37Z
64.62.197.112,scan-47e.shadowserver.org,6939,US,3850,5,3,AnomalyTraffic|AttemptLogin|ReconScanning,0.8517857142857144,dshield|turris_greylist|abuseipdb|spamhaus-xbl-cbl|uceprotect|blocklist_de-ssh|ciarmy,reconscanning|whitelist|researchscanners,2021-03-24T16:22:28Z,2025-08-10T18:18:37Z
64.62.197.112,scan-47e.shadowserver.org,6939,US,3850,5,3,AnomalyTraffic|AttemptLogin|ReconScanning,0.8517857142857144,dshield|turris_greylist|abuseipdb|spamhaus-xbl-cbl|uceprotect|blocklist_de-ssh|ciarmy,reconscanning|whitelist|researchscanners,2021-03-24T16:22:28Z,2025-08-10T18:18:37Z
64.62.197.112,scan-47e.shadowserver.org,6939,US,3850,5,3,AnomalyTraffic|AttemptLogin|ReconScanning,0.8517857142857144,dshield|turris_greylist|abuseipdb|spamhaus-xbl-cbl|uceprotect|blocklist_de-ssh|ciarmy,reconscanning|whitelist|researchscanners,2021-03-24T16:22:28Z,2025-08-10T18:18:37Z

64.62.197.112,scan-47e.shadowserver.org,6939,US,3850,5,3,AnomalyTraffic|AttemptLogin|ReconScanning,0.8517857142857144,dshield|turris_greylist|abuseipdb|spamhaus-xbl-cbl|uceprotect|blocklist_de-ssh|ciarmy,reconscanning|whitelist|researchscanners,2021-03-24T16:22:28Z,2025-08-10T18:18:37Z
64.62.197.112,scan-47e.shadowserver.org,6939,US,3850,5,3,AnomalyTraffic|AttemptLogin|ReconScanning,0.8517857142857144,dshield|turris_greylist|abuseipdb|spamhaus-xbl-cbl|uceprotect|blocklist_de-ssh|ciarmy,reconscanning|whitelist|researchscanners,2021-03-24T16:22:28Z,2025-08-10T18:18:37Z
64.62.197.112,scan-47e.shadowserver.org,6939,US,3850,5,3,AnomalyTraffic|AttemptLogin|ReconScanning,0.8517857142857144,dshield|turris_greylist|abuseipdb|spamhaus-xbl-cbl|uceprotect|blocklist_de-ssh|ciarmy,reconscanning|whitelist|researchscanners,2021-03-24T16:22:28Z,2025-08-10T18:18:37Z
64.62.197.112,scan-47e.shadowserver.org,6939,US,3850,5,3,AnomalyTraffic|AttemptLogin|ReconScanning,0.8517857142857144,dshield|turris_greylist|abuseipdb|spamhaus-xbl-cbl|uceprotect|blocklist_de-ssh|ciarmy,reconscanning|whitelist|researchscanners,2021-03-24T16:22:28Z,2025-08-10T18:18:37Z
64.62.197.112,scan-47e.shadowserver.org,6939,US,3850,5,3,AnomalyTraffic|AttemptLogin|ReconScanning,0.8517857142857144,dshield|turris_greylist|abuseipdb|spamhaus-xbl-cbl|uceprotect|blocklist_de-ssh|ciarmy,reconscanning|whitelist|researchscanners,2021-03-24T16:22:28Z,2025-08-10T18:18:37Z
64.62.197.112,scan-47e.shadowserver.org,6939,US,3850,5,3,AnomalyTraffic|AttemptLogin|ReconScanning,0.8517857142857144,dshield|turris_greylist|abuseipdb|spamhaus-xbl-cbl|uceprotect|blocklist_de-ssh|ciarmy,reconscanning|whitelist|researchscanners,2021-03-24T16:22:28Z,2025-08-10T18:18:37Z
64.62.197.112,scan-47e.shadowserver.org,6939,US,3850,5,3,AnomalyTraffic|AttemptLogin|ReconScanning,0.8517857142857144,dshield|turris_greylist|abuseipdb|spamhaus-xbl-cbl|uceprotect|blocklist_de-ssh|ciarmy,reconscanning|whitelist|researchscanners,2021-03-24T16:22:28Z,2025-08-10T18:18:37Z
64.62.197.112,scan-47e.shadowserver.org,6939,US,3850,5,3,AnomalyTraffic|AttemptLogin|ReconScanning,0.8517857142857144,dshield|turris_greylist|abuseipdb|spamhaus-xbl-cbl|uceprotect|blocklist_de-ssh|ciarmy,reconscanning|whitelist|researchscanners,2021-03-24T16:22:28Z,2025-08-10T18:18:37Z

64.62.197.112,scan-47e.shadowserver.org,6939,US,3850,5,3,AnomalyTraffic|AttemptLogin|ReconScanning,0.8517857142857144,dshield|turris_greylist|abuseipdb|spamhaus-xbl-cbl|uceprotect|blocklist_de-ssh|ciarmy,reconscanning|whitelist|researchscanners,2021-03-24T16:22:28Z,2025-08-10T18:18:37Z
64.62.197.112,scan-47e.shadowserver.org,6939,US,3850,5,3,AnomalyTraffic|AttemptLogin|ReconScanning,0.8517857142857144,dshield|turris_greylist|abuseipdb|spamhaus-xbl-cbl|uceprotect|blocklist_de-ssh|ciarmy,reconscanning|whitelist|researchscanners,2021-03-24T16:22:28Z,2025-08-10T18:18:37Z
64.62.197.112,scan-47e.shadowserver.org,6939,US,3850,5,3,AnomalyTraffic|AttemptLogin|ReconScanning,0.8517857142857144,dshield|turris_greylist|abuseipdb|spamhaus-xbl-cbl|uceprotect|blocklist_de-ssh|ciarmy,reconscanning|whitelist|researchscanners,2021-03-24T16:22:28Z,2025-08-10T18:18:37Z
64.62.197.112,scan-47e.shadowserver.org,6939,US,3850,5,3,AnomalyTraffic|AttemptLogin|ReconScanning,0.8517857142857144,dshield|turris_greylist|abuseipdb|spamhaus-xbl-cbl|uceprotect|blocklist_de-ssh|ciarmy,reconscanning|whitelist|researchscanners,2021-03-24T16:22:28Z,2025-08-10T18:18:37Z
64.62.197.112,scan-47e.shadowserver.org,6939,US,3850,5,3,AnomalyTraffic|AttemptLogin|ReconScanning,0.8517857142857144,dshield|turris_greylist|abuseipdb|spamhaus-xbl-cbl|uceprotect|blocklist_de-ssh|ciarmy,reconscanning|whitelist|researchscanners,2021-03-24T16:22:28Z,2025-08-10T18:18:37Z
64.62.197.112,scan-47e.shadowserver.org,6939,US,3850,5,3,AnomalyTraffic|AttemptLogin|ReconScanning,0.8517857142857144,dshield|turris_greylist|abuseipdb|spamhaus-xbl-cbl|uceprotect|blocklist_de-ssh|ciarmy,reconscanning|whitelist|researchscanners,2021-03-24T16:22:28Z,2025-08-10T18:18:37Z

64.62.197.112,scan-47e.shadowserver.org,6939,US,3850,5,3,AnomalyTraffic|AttemptLogin|ReconScanning,0.8517857142857144,dshield|turris_greylist|abuseipdb|spamhaus-xbl-cbl|uceprotect|blocklist_de-ssh|ciarmy,reconscanning|whitelist|researchscanners,2021-03-24T16:22:28Z,2025-08-10T18:18:37Z
64.62.197.112,scan-47e.shadowserver.org,6939,US,3850,5,3,AnomalyTraffic|AttemptLogin|ReconScanning,0.8517857142857144,dshield|turris_greylist|abuseipdb|spamhaus-xbl-cbl|uceprotect|blocklist_de-ssh|ciarmy,reconscanning|whitelist|researchscanners,2021-03-24T16:22:28Z,2025-08-10T18:18:37Z
64.62.197.112,scan-47e.shadowserver.org,6939,US,3850,5,3,AnomalyTraffic|AttemptLogin|ReconScanning,0.8517857142857144,dshield|turris_greylist|abuseipdb|spamhaus-xbl-cbl|uceprotect|blocklist_de-ssh|ciarmy,reconscanning|whitelist|researchscanners,2021-03-24T16:22:28Z,2025-08-10T18:18:37Z
64.62.197.112,scan-47e.shadowserver.org,6939,US,3850,5,3,AnomalyTraffic|AttemptLogin|ReconScanning,0.8517857142857144,dshield|turris_greylist|abuseipdb|spamhaus-xbl-cbl|uceprotect|blocklist_de-ssh|ciarmy,reconscanning|whitelist|researchscanners,2021-03-24T16:22:28Z,2025-08-10T18:18:37Z
64.62.197.112,scan-47e.shadowserver.org,6939,US,3850,5,3,AnomalyTraffic|AttemptLogin|ReconScanning,0.8517857142857144,dshield|turris_greylist|abuseipdb|spamhaus-xbl-cbl|uceprotect|blocklist_de-ssh|ciarmy,reconscanning|whitelist|researchscanners,2021-03-24T16:22:28Z,2025-08-10T18:18:37Z
64.62.197.112,scan-47e.shadowserver.org,6939,US,3850,5,3,AnomalyTraffic|AttemptLogin|ReconScanning,0.8517857142857144,dshield|turris_greylist|abuseipdb|spamhaus-xbl-cbl|uceprotect|blocklist_de-ssh|ciarmy,reconscanning|whitelist|researchscanners,2021-03-24T16:22:28Z,2025-08-10T18:18:37Z
64.62.197.112,scan-47e.shadowserver.org,6939,US,3850,5,3,AnomalyTraffic|AttemptLogin|ReconScanning,0.8517857142857144,dshield|turris_greylist|abuseipdb|spamhaus-xbl-cbl|uceprotect|blocklist_de-ssh|ciarmy,reconscanning|whitelist|researchscanners,2021-03-24T16:22:28Z,2025-08-10T18:18:37Z

64.62.197.112,scan-47e.shadowserver.org,6939,US,3850,5,3,AnomalyTraffic|AttemptLogin|ReconScanning,0.8517857142857144,dshield|turris_greylist|abuseipdb|spamhaus-xbl-cbl|uceprotect|blocklist_de-ssh|ciarmy,reconscanning|whitelist|researchscanners,2021-03-24T16:22:28Z,2025-08-10T18:18:37Z
64.62.197.112,scan-47e.shadowserver.org,6939,US,3850,5,3,AnomalyTraffic|AttemptLogin|ReconScanning,0.8517857142857144,dshield|turris_greylist|abuseipdb|spamhaus-xbl-cbl|uceprotect|blocklist_de-ssh|ciarmy,reconscanning|whitelist|researchscanners,2021-03-24T16:22:28Z,2025-08-10T18:18:37Z
64.62.197.112,scan-47e.shadowserver.org,6939,US,3850,5,3,AnomalyTraffic|AttemptLogin|ReconScanning,0.8517857142857144,dshield|turris_greylist|abuseipdb|spamhaus-xbl-cbl|uceprotect|blocklist_de-ssh|ciarmy,reconscanning|whitelist|researchscanners,2021-03-24T16:22:28Z,2025-08-10T18:18:37Z
64.62.197.112,scan-47e.shadowserver.org,6939,US,3850,5,3,AnomalyTraffic|AttemptLogin|ReconScanning,0.8517857142857144,dshield|turris_greylist|abuseipdb|spamhaus-xbl-cbl|uceprotect|blocklist_de-ssh|ciarmy,reconscanning|whitelist|researchscanners,2021-03-24T16:22:28Z,2025-08-10T18:18:37Z
64.62.197.112,scan-47e.shadowserver.org,6939,US,3850,5,3,AnomalyTraffic|AttemptLogin|ReconScanning,0.8517857142857144,dshield|turris_greylist|abuseipdb|spamhaus-xbl-cbl|uceprotect|blocklist_de-ssh|ciarmy,reconscanning|whitelist|researchscanners,2021-03-24T16:22:28Z,2025-08-10T18:18:37Z
64.62.197.112,scan-47e.shadowserver.org,6939,US,3850,5,3,AnomalyTraffic|AttemptLogin|ReconScanning,0.8517857142857144,dshield|turris_greylist|abuseipdb|spamhaus-xbl-cbl|uceprotect|blocklist_de-ssh|ciarmy,reconscanning|whitelist|researchscanners,2021-03-24T16:22:28Z,2025-08-10T18:18:37Z
64.62.197.112,scan-47e.shadowserver.org,6939,US,3850,5,3,AnomalyTraffic|AttemptLogin|ReconScanning,0.8517857142857144,dshield|turris_greylist|abuseipdb|spamhaus-xbl-cbl|uceprotect|blocklist_de-ssh|ciarmy,reconscanning|whitelist|researchscanners,2021-03-24T16:22:28Z,2025-08-10T18:18:37Z
64.62.197.112,scan-47e.shadowserver.org,6939,US,3850,5,3,AnomalyTraffic|AttemptLogin|ReconScanning,0.8517857142857144,dshield|turris_greylist|abuseipdb|spamhaus-xbl-cbl|uceprotect|blocklist_de-ssh|ciarmy,reconscanning|whitelist|researchscanners,2021-03-24T16:22:28Z,2025-08-10T18:18:37Z
64.62.197.112,scan-47e.shadowserver.org,6939,US,3850,5,3,AnomalyTraffic|AttemptLogin|ReconScanning,0.8517857142857144,dshield|turris_greylist|abuseipdb|spamhaus-xbl-cbl|uceprotect|blocklist_de-ssh|ciarmy,reconscanning|whitelist|researchscanners,2021-03-24T16:22:28Z,2025-08-10T18:18:37Z

64.62.197.112,scan-47e.shadowserver.org,6939,US,3850,5,3,AnomalyTraffic|AttemptLogin|ReconScanning,0.8517857142857144,dshield|turris_greylist|abuseipdb|spamhaus-xbl-cbl|uceprotect|blocklist_de-ssh|ciarmy,reconscanning|whitelist|researchscanners,2021-03-24T16:22:28Z,2025-08-10T18:18:37Z
64.62.197.112,scan-47e.shadowserver.org,6939,US,3850,5,3,AnomalyTraffic|AttemptLogin|ReconScanning,0.8517857142857144,dshield|turris_greylist|abuseipdb|spamhaus-xbl-cbl|uceprotect|blocklist_de-ssh|ciarmy,reconscanning|whitelist|researchscanners,2021-03-24T16:22:28Z,2025-08-10T18:18:37Z
64.62.197.112,scan-47e.shadowserver.org,6939,US,3850,5,3,AnomalyTraffic|AttemptLogin|ReconScanning,0.8517857142857144,dshield|turris_greylist|abuseipdb|spamhaus-xbl-cbl|uceprotect|blocklist_de-ssh|ciarmy,reconscanning|whitelist|researchscanners,2021-03-24T16:22:28Z,2025-08-10T18:18:37Z
64.62.197.112,scan-47e.shadowserver.org,6939,US,3850,5,3,AnomalyTraffic|AttemptLogin|ReconScanning,0.8517857142857144,dshield|turris_greylist|abuseipdb|spamhaus-xbl-cbl|uceprotect|blocklist_de-ssh|ciarmy,reconscanning|whitelist|researchscanners,2021-03-24T16:22:28Z,2025-08-10T18:18:37Z
64.62.197.112,scan-47e.shadowserver.org,6939,US,3850,5,3,AnomalyTraffic|AttemptLogin|ReconScanning,0.8517857142857144,dshield|turris_greylist|abuseipdb|spamhaus-xbl-cbl|uceprotect|blocklist_de-ssh|ciarmy,reconscanning|whitelist|researchscanners,2021-03-24T16:22:28Z,2025-08-10T18:18:37Z
64.62.197.112,scan-47e.shadowserver.org,6939,US,3850,5,3,AnomalyTraffic|AttemptLogin|ReconScanning,0.8517857142857144,dshield|turris_greylist|abuseipdb|spamhaus-xbl-cbl|uceprotect|blocklist_de-ssh|ciarmy,reconscanning|whitelist|researchscanners,2021-03-24T16:22:28Z,2025-08-10T18:18:37Z
64.62.197.112,scan-47e.shadowserver.org,6939,US,3850,5,3,AnomalyTraffic|AttemptLogin|ReconScanning,0.8517857142857144,dshield|turris_greylist|abuseipdb|spamhaus-xbl-cbl|uceprotect|blocklist_de-ssh|ciarmy,reconscanning|whitelist|researchscanners,2021-03-24T16:22:28Z,2025-08-10T18:18:37Z
64.62.197.112,scan-47e.shadowserver.org,6939,US,3850,5,3,AnomalyTraffic|AttemptLogin|ReconScanning,0.8517857142857144,dshield|turris_greylist|abuseipdb|spamhaus-xbl-cbl|uceprotect|blocklist_de-ssh|ciarmy,reconscanning|whitelist|researchscanners,2021-03-24T16:22:28Z,2025-08-10T18:18:37Z
64.62.197.112,scan-47e.shadowserver.org,6939,US,3850,5,3,AnomalyTraffic|AttemptLogin|ReconScanning,0.8517857142857144,dshield|turris_greylist|abuseipdb|spamhaus-xbl-cbl|uceprotect|blocklist_de-ssh|ciarmy,reconscanning|whitelist|researchscanners,2021-03-24T16:22:28Z,2025-08-10T18:18:37Z
64.62.197.112,scan-47e.shadowserver.org,6939,US,3850,5,3,AnomalyTraffic|AttemptLogin|ReconScanning,0.8517857142857144,dshield|turris_greylist|abuseipdb|spamhaus-xbl-cbl|uceprotect|blocklist_de-ssh|ciarmy,reconscanning|whitelist|researchscanners,2021-03-24T16:22:28Z,2025-08-10T18:18:37Z
64.62.197.112,scan-47e.shadowserver.org,6939,US,3850,5,3,AnomalyTraffic|AttemptLogin|ReconScanning,0.8517857142857144,dshield|turris_greylist|abuseipdb|spamhaus-xbl-cbl|uceprotect|blocklist_de-ssh|ciarmy,reconscanning|whitelist|researchscanners,2021-03-24T16:22:28Z,2025-08-10T18:18:37Z
64.62.197.112,scan-47e.shadowserver.org,6939,US,3850,5,3,AnomalyTraffic|AttemptLogin|ReconScanning,0.8517857142857144,dshield|turris_greylist|abuseipdb|spamhaus-xbl-cbl|uceprotect|blocklist_de-ssh|ciarmy,reconscanning|whitelist|researchscanners,2021-03-24T16:22:28Z,2025-08-10T18:18:37Z
64.62.197.112,scan-47e.shadowserver.org,6939,US,3850,5,3,AnomalyTraffic|AttemptLogin|ReconScanning,0.8517857142857144,dshield|turris_greylist|abuseipdb|spamhaus-xbl-cbl|uceprotect|blocklist_de-ssh|ciarmy,reconscanning|whitelist|researchscanners,2021-03-24T16:22:28Z,2025-08-10T18:18:37Z
64.62.197.112,scan-47e.shadowserver.org,6939,US,3850,5,3,AnomalyTraffic|AttemptLogin|ReconScanning,0.8517857142857144,dshield|turris_greylist|abuseipdb|spamhaus-xbl-cbl|uceprotect|blocklist_de-ssh|ciarmy,reconscanning|whitelist|researchscanners,2021-03-24T16:22:28Z,2025-08-10T18:18:37Z
64.62.197.112,scan-47e.shadowserver.org,6939,US,3850,5,3,AnomalyTraffic|AttemptLogin|ReconScanning,0.8517857142857144,dshield|turris_greylist|abuseipdb|spamhaus-xbl-cbl|uceprotect|blocklist_de-ssh|ciarmy,reconscanning|whitelist|researchscanners,2021-03-24T16:22:28Z,2025-08-10T18:18:37Z
64.62.197.112,scan-47e.shadowserver.org,6939,US,3850,5,3,AnomalyTraffic|AttemptLogin|ReconScanning,0.8517857142857144,dshield|turris_greylist|abuseipdb|spamhaus-xbl-cbl|uceprotect|blocklist_de-ssh|ciarmy,reconscanning|whitelist|researchscanners,2021-03-24T16:22:28Z,2025-08-10T18:18:37Z
64.62.197.112,scan-47e.shadowserver.org,6939,US,3850,5,3,AnomalyTraffic|AttemptLogin|ReconScanning,0.8517857142857144,dshield|turris_greylist|abuseipdb|spamhaus-xbl-cbl|uceprotect|blocklist_de-ssh|ciarmy,reconscanning|whitelist|researchscanners,2021-03-24T16:22:28Z,2025-08-10T18:18:37Z
64.62.197.112,scan-47e.shadowserver.org,6939,US,3850,5,3,AnomalyTraffic|AttemptLogin|ReconScanning,0.8517857142857144,dshield|turris_greylist|abuseipdb|spamhaus-xbl-cbl|uceprotect|blocklist_de-ssh|ciarmy,reconscanning|whitelist|researchscanners,2021-03-24T16:22:28Z,2025-08-10T18:18:37Z

64.62.197.112,scan-47e.shadowserver.org,6939,US,3850,5,3,AnomalyTraffic|AttemptLogin|ReconScanning,0.8517857142857144,dshield|turris_greylist|abuseipdb|spamhaus-xbl-cbl|uceprotect|blocklist_de-ssh|ciarmy,reconscanning|whitelist|researchscanners,2021-03-24T16:22:28Z,2025-08-10T18:18:37Z
64.62.197.112,scan-47e.shadowserver.org,6939,US,3850,5,3,AnomalyTraffic|AttemptLogin|ReconScanning,0.8517857142857144,dshield|turris_greylist|abuseipdb|spamhaus-xbl-cbl|uceprotect|blocklist_de-ssh|ciarmy,reconscanning|whitelist|researchscanners,2021-03-24T16:22:28Z,2025-08-10T18:18:37Z
64.62.197.112,scan-47e.shadowserver.org,6939,US,3850,5,3,AnomalyTraffic|AttemptLogin|ReconScanning,0.8517857142857144,dshield|turris_greylist|abuseipdb|spamhaus-xbl-cbl|uceprotect|blocklist_de-ssh|ciarmy,reconscanning|whitelist|researchscanners,2021-03-24T16:22:28Z,2025-08-10T18:18:37Z
64.62.197.112,scan-47e.shadowserver.org,6939,US,3850,5,3,AnomalyTraffic|AttemptLogin|ReconScanning,0.8517857142857144,dshield|turris_greylist|abuseipdb|spamhaus-xbl-cbl|uceprotect|blocklist_de-ssh|ciarmy,reconscanning|whitelist|researchscanners,2021-03-24T16:22:28Z,2025-08-10T18:18:37Z
64.62.197.112,scan-47e.shadowserver.org,6939,US,3850,5,3,AnomalyTraffic|AttemptLogin|ReconScanning,0.8517857142857144,dshield|turris_greylist|abuseipdb|spamhaus-xbl-cbl|uceprotect|blocklist_de-ssh|ciarmy,reconscanning|whitelist|researchscanners,2021-03-24T16:22:28Z,2025-08-10T18:18:37Z
64.62.197.112,scan-47e.shadowserver.org,6939,US,3850,5,3,AnomalyTraffic|AttemptLogin|ReconScanning,0.8517857142857144,dshield|turris_greylist|abuseipdb|spamhaus-xbl-cbl|uceprotect|blocklist_de-ssh|ciarmy,reconscanning|whitelist|researchscanners,2021-03-24T16:22:28Z,2025-08-10T18:18:37Z
64.62.197.112,scan-47e.shadowserver.org,6939,US,3850,5,3,AnomalyTraffic|AttemptLogin|ReconScanning,0.8517857142857144,dshield|turris_greylist|abuseipdb|spamhaus-xbl-cbl|uceprotect|blocklist_de-ssh|ciarmy,reconscanning|whitelist|researchscanners,2021-03-24T16:22:28Z,2025-08-10T18:18:37Z
64.62.197.112,scan-47e.shadowserver.org,6939,US,3850,5,3,AnomalyTraffic|AttemptLogin|ReconScanning,0.8517857142857144,dshield|turris_greylist|abuseipdb|spamhaus-xbl-cbl|uceprotect|blocklist_de-ssh|ciarmy,reconscanning|whitelist|researchscanners,2021-03-24T16:22:28Z,2025-08-10T18:18:37Z

64.62.197.112,scan-47e.shadowserver.org,6939,US,3850,5,3,AnomalyTraffic|AttemptLogin|ReconScanning,0.8517857142857144,dshield|turris_greylist|abuseipdb|spamhaus-xbl-cbl|uceprotect|blocklist_de-ssh|ciarmy,reconscanning|whitelist|researchscanners,2021-03-24T16:22:28Z,2025-08-10T18:18:37Z
64.62.197.112,scan-47e.shadowserver.org,6939,US,3850,5,3,AnomalyTraffic|AttemptLogin|ReconScanning,0.8517857142857144,dshield|turris_greylist|abuseipdb|spamhaus-xbl-cbl|uceprotect|blocklist_de-ssh|ciarmy,reconscanning|whitelist|researchscanners,2021-03-24T16:22:28Z,2025-08-10T18:18:37Z
64.62.197.112,scan-47e.shadowserver.org,6939,US,3850,5,3,AnomalyTraffic|AttemptLogin|ReconScanning,0.8517857142857144,dshield|turris_greylist|abuseipdb|spamhaus-xbl-cbl|uceprotect|blocklist_de-ssh|ciarmy,reconscanning|whitelist|researchscanners,2021-03-24T16:22:28Z,2025-08-10T18:18:37Z
64.62.197.112,scan-47e.shadowserver.org,6939,US,3850,5,3,AnomalyTraffic|AttemptLogin|ReconScanning,0.8517857142857144,dshield|turris_greylist|abuseipdb|spamhaus-xbl-cbl|uceprotect|blocklist_de-ssh|ciarmy,reconscanning|whitelist|researchscanners,2021-03-24T16:22:28Z,2025-08-10T18:18:37Z
64.62.197.112,scan-47e.shadowserver.org,6939,US,3850,5,3,AnomalyTraffic|AttemptLogin|ReconScanning,0.8517857142857144,dshield|turris_greylist|abuseipdb|spamhaus-xbl-cbl|uceprotect|blocklist_de-ssh|ciarmy,reconscanning|whitelist|researchscanners,2021-03-24T16:22:28Z,2025-08-10T18:18:37Z
64.62.197.112,scan-47e.shadowserver.org,6939,US,3850,5,3,AnomalyTraffic|AttemptLogin|ReconScanning,0.8517857142857144,dshield|turris_greylist|abuseipdb|spamhaus-xbl-cbl|uceprotect|blocklist_de-ssh|ciarmy,reconscanning|whitelist|researchscanners,2021-03-24T16:22:28Z,2025-08-10T18:18:37Z

64.62.197.112,scan-47e.shadowserver.org,6939,US,3850,5,3,AnomalyTraffic|AttemptLogin|ReconScanning,0.8517857142857144,dshield|turris_greylist|abuseipdb|spamhaus-xbl-cbl|uceprotect|blocklist_de-ssh|ciarmy,reconscanning|whitelist|researchscanners,2021-03-24T16:22:28Z,2025-08-10T18:18:37Z
64.62.197.112,scan-47e.shadowserver.org,6939,US,3850,5,3,AnomalyTraffic|AttemptLogin|ReconScanning,0.8517857142857144,dshield|turris_greylist|abuseipdb|spamhaus-xbl-cbl|uceprotect|blocklist_de-ssh|ciarmy,reconscanning|whitelist|researchscanners,2021-03-24T16:22:28Z,2025-08-10T18:18:37Z
64.62.197.112,scan-47e.shadowserver.org,6939,US,3850,5,3,AnomalyTraffic|AttemptLogin|ReconScanning,0.8517857142857144,dshield|turris_greylist|abuseipdb|spamhaus-xbl-cbl|uceprotect|blocklist_de-ssh|ciarmy,reconscanning|whitelist|researchscanners,2021-03-24T16:22:28Z,2025-08-10T18:18:37Z

64.62.197.112,scan-47e.shadowserver.org,6939,US,3850,5,3,AnomalyTraffic|AttemptLogin|ReconScanning,0.8517857142857144,dshield|turris_greylist|abuseipdb|spamhaus-xbl-cbl|uceprotect|blocklist_de-ssh|ciarmy,reconscanning|whitelist|researchscanners,2021-03-24T16:22:28Z,2025-08-10T18:18:37Z
64.62.197.112,scan-47e.shadowserver.org,6939,US,3850,5,3,AnomalyTraffic|AttemptLogin|ReconScanning,0.8517857142857144,dshield|turris_greylist|abuseipdb|spamhaus-xbl-cbl|uceprotect|blocklist_de-ssh|ciarmy,reconscanning|whitelist|researchscanners,2021-03-24T16:22:28Z,2025-08-10T18:18:37Z
64.62.197.112,scan-47e.shadowserver.org,6939,US,3850,5,3,AnomalyTraffic|AttemptLogin|ReconScanning,0.8517857142857144,dshield|turris_greylist|abuseipdb|spamhaus-xbl-cbl|uceprotect|blocklist_de-ssh|ciarmy,reconscanning|whitelist|researchscanners,2021-03-24T16:22:28Z,2025-08-10T18:18:37Z
64.62.197.112,scan-47e.shadowserver.org,6939,US,3850,5,3,AnomalyTraffic|AttemptLogin|ReconScanning,0.8517857142857144,dshield|turris_greylist|abuseipdb|spamhaus-xbl-cbl|uceprotect|blocklist_de-ssh|ciarmy,reconscanning|whitelist|researchscanners,2021-03-24T16:22:28Z,2025-08-10T18:18:37Z
64.62.197.112,scan-47e.shadowserver.org,6939,US,3850,5,3,AnomalyTraffic|AttemptLogin|ReconScanning,0.8517857142857144,dshield|turris_greylist|abuseipdb|spamhaus-xbl-cbl|uceprotect|blocklist_de-ssh|ciarmy,reconscanning|whitelist|researchscanners,2021-03-24T16:22:28Z,2025-08-10T18:18:37Z
64.62.197.112,scan-47e.shadowserver.org,6939,US,3850,5,3,AnomalyTraffic|AttemptLogin|ReconScanning,0.8517857142857144,dshield|turris_greylist|abuseipdb|spamhaus-xbl-cbl|uceprotect|blocklist_de-ssh|ciarmy,reconscanning|whitelist|researchscanners,2021-03-24T16:22:28Z,2025-08-10T18:18:37Z
64.62.197.112,scan-47e.shadowserver.org,6939,US,3850,5,3,AnomalyTraffic|AttemptLogin|ReconScanning,0.8517857142857144,dshield|turris_greylist|abuseipdb|spamhaus-xbl-cbl|uceprotect|blocklist_de-ssh|ciarmy,reconscanning|whitelist|researchscanners,2021-03-24T16:22:28Z,2025-08-10T18:18:37Z
64.62.197.112,scan-47e.shadowserver.org,6939,US,3850,5,3,AnomalyTraffic|AttemptLogin|ReconScanning,0.8517857142857144,dshield|turris_greylist|abuseipdb|spamhaus-xbl-cbl|uceprotect|blocklist_de-ssh|ciarmy,reconscanning|whitelist|researchscanners,2021-03-24T16:22:28Z,2025-08-10T18:18:37Z
64.62.197.112,scan-47e.shadowserver.org,6939,US,3850,5,3,AnomalyTraffic|AttemptLogin|ReconScanning,0.8517857142857144,dshield|turris_greylist|abuseipdb|spamhaus-xbl-cbl|uceprotect|blocklist_de-ssh|ciarmy,reconscanning|whitelist|researchscanners,2021-03-24T16:22:28Z,2025-08-10T18:18:37Z

64.62.197.112,scan-47e.shadowserver.org,6939,US,3850,5,3,AnomalyTraffic|AttemptLogin|ReconScanning,0.8517857142857144,dshield|turris_greylist|abuseipdb|spamhaus-xbl-cbl|uceprotect|blocklist_de-ssh|ciarmy,reconscanning|whitelist|researchscanners,2021-03-24T16:22:28Z,2025-08-10T18:18:37Z

64.62.197.112,scan-47e.shadowserver.org,6939,US,3850,5,3,AnomalyTraffic|AttemptLogin|ReconScanning,0.8517857142857144,dshield|turris_greylist|abuseipdb|spamhaus-xbl-cbl|uceprotect|blocklist_de-ssh|ciarmy,reconscanning|whitelist|researchscanners,2021-03-24T16:22:28Z,2025-08-10T18:18:37Z
64.62.197.112,scan-47e.shadowserver.org,6939,US,3850,5,3,AnomalyTraffic|AttemptLogin|ReconScanning,0.8517857142857144,dshield|turris_greylist|abuseipdb|spamhaus-xbl-cbl|uceprotect|blocklist_de-ssh|ciarmy,reconscanning|whitelist|researchscanners,2021-03-24T16:22:28Z,2025-08-10T18:18:37Z
64.62.197.112,scan-47e.shadowserver.org,6939,US,3850,5,3,AnomalyTraffic|AttemptLogin|ReconScanning,0.8517857142857144,dshield|turris_greylist|abuseipdb|spamhaus-xbl-cbl|uceprotect|blocklist_de-ssh|ciarmy,reconscanning|whitelist|researchscanners,2021-03-24T16:22:28Z,2025-08-10T18:18:37Z
64.62.197.112,scan-47e.shadowserver.org,6939,US,3850,5,3,AnomalyTraffic|AttemptLogin|ReconScanning,0.8517857142857144,dshield|turris_greylist|abuseipdb|spamhaus-xbl-cbl|uceprotect|blocklist_de-ssh|ciarmy,reconscanning|whitelist|researchscanners,2021-03-24T16:22:28Z,2025-08-10T18:18:37Z

64.62.197.112,scan-47e.shadowserver.org,6939,US,3850,5,3,AnomalyTraffic|AttemptLogin|ReconScanning,0.8517857142857144,dshield|turris_greylist|abuseipdb|spamhaus-xbl-cbl|uceprotect|blocklist_de-ssh|ciarmy,reconscanning|whitelist|researchscanners,2021-03-24T16:22:28Z,2025-08-10T18:18:37Z
64.62.197.112,scan-47e.shadowserver.org,6939,US,3850,5,3,AnomalyTraffic|AttemptLogin|ReconScanning,0.8517857142857144,dshield|turris_greylist|abuseipdb|spamhaus-xbl-cbl|uceprotect|blocklist_de-ssh|ciarmy,reconscanning|whitelist|researchscanners,2021-03-24T16:22:28Z,2025-08-10T18:18:37Z
64.62.197.112,scan-47e.shadowserver.org,6939,US,3850,5,3,AnomalyTraffic|AttemptLogin|ReconScanning,0.8517857142857144,dshield|turris_greylist|abuseipdb|spamhaus-xbl-cbl|uceprotect|blocklist_de-ssh|ciarmy,reconscanning|whitelist|researchscanners,2021-03-24T16:22:28Z,2025-08-10T18:18:37Z
64.62.197.112,scan-47e.shadowserver.org,6939,US,3850,5,3,AnomalyTraffic|AttemptLogin|ReconScanning,0.8517857142857144,dshield|turris_greylist|abuseipdb|spamhaus-xbl-cbl|uceprotect|blocklist_de-ssh|ciarmy,reconscanning|whitelist|researchscanners,2021-03-24T16:22:28Z,2025-08-10T18:18:37Z
64.62.197.112,scan-47e.shadowserver.org,6939,US,3850,5,3,AnomalyTraffic|AttemptLogin|ReconScanning,0.8517857142857144,dshield|turris_greylist|abuseipdb|spamhaus-xbl-cbl|uceprotect|blocklist_de-ssh|ciarmy,reconscanning|whitelist|researchscanners,2021-03-24T16:22:28Z,2025-08-10T18:18:37Z
64.62.197.112,scan-47e.shadowserver.org,6939,US,3850,5,3,AnomalyTraffic|AttemptLogin|ReconScanning,0.8517857142857144,dshield|turris_greylist|abuseipdb|spamhaus-xbl-cbl|uceprotect|blocklist_de-ssh|ciarmy,reconscanning|whitelist|researchscanners,2021-03-24T16:22:28Z,2025-08-10T18:18:37Z
64.62.197.112,scan-47e.shadowserver.org,6939,US,3850,5,3,AnomalyTraffic|AttemptLogin|ReconScanning,0.8517857142857144,dshield|turris_greylist|abuseipdb|spamhaus-xbl-cbl|uceprotect|blocklist_de-ssh|ciarmy,reconscanning|whitelist|researchscanners,2021-03-24T16:22:28Z,2025-08-10T18:18:37Z
64.62.197.112,scan-47e.shadowserver.org,6939,US,3850,5,3,AnomalyTraffic|AttemptLogin|ReconScanning,0.8517857142857144,dshield|turris_greylist|abuseipdb|spamhaus-xbl-cbl|uceprotect|blocklist_de-ssh|ciarmy,reconscanning|whitelist|researchscanners,2021-03-24T16:22:28Z,2025-08-10T18:18:37Z
64.62.197.112,scan-47e.shadowserver.org,6939,US,3850,5,3,AnomalyTraffic|AttemptLogin|ReconScanning,0.8517857142857144,dshield|turris_greylist|abuseipdb|spamhaus-xbl-cbl|uceprotect|blocklist_de-ssh|ciarmy,reconscanning|whitelist|researchscanners,2021-03-24T16:22:28Z,2025-08-10T18:18:37Z
64.62.197.112,scan-47e.shadowserver.org,6939,US,3850,5,3,AnomalyTraffic|AttemptLogin|ReconScanning,0.8517857142857144,dshield|turris_greylist|abuseipdb|spamhaus-xbl-cbl|uceprotect|blocklist_de-ssh|ciarmy,reconscanning|whitelist|researchscanners,2021-03-24T16:22:28Z,2025-08-10T18:18:37Z
64.62.197.112,scan-47e.shadowserver.org,6939,US,3850,5,3,AnomalyTraffic|AttemptLogin|ReconScanning,0.8517857142857144,dshield|turris_greylist|abuseipdb|spamhaus-xbl-cbl|uceprotect|blocklist_de-ssh|ciarmy,reconscanning|whitelist|researchscanners,2021-03-24T16:22:28Z,2025-08-10T18:18:37Z
64.62.197.112,scan-47e.shadowserver.org,6939,US,3850,5,3,AnomalyTraffic|AttemptLogin|ReconScanning,0.8517857142857144,dshield|turris_greylist|abuseipdb|spamhaus-xbl-cbl|uceprotect|blocklist_de-ssh|ciarmy,reconscanning|whitelist|researchscanners,2021-03-24T16:22:28Z,2025-08-10T18:18:37Z

64.62.197.112,scan-47e.shadowserver.org,6939,US,3850,5,3,AnomalyTraffic|AttemptLogin|ReconScanning,0.8517857142857144,dshield|turris_greylist|abuseipdb|spamhaus-xbl-cbl|uceprotect|blocklist_de-ssh|ciarmy,reconscanning|whitelist|researchscanners,2021-03-24T16:22:28Z,2025-08-10T18:18:37Z
64.62.197.112,scan-47e.shadowserver.org,6939,US,3850,5,3,AnomalyTraffic|AttemptLogin|ReconScanning,0.8517857142857144,dshield|turris_greylist|abuseipdb|spamhaus-xbl-cbl|uceprotect|blocklist_de-ssh|ciarmy,reconscanning|whitelist|researchscanners,2021-03-24T16:22:28Z,2025-08-10T18:18:37Z
64.62.197.112,scan-47e.shadowserver.org,6939,US,3850,5,3,AnomalyTraffic|AttemptLogin|ReconScanning,0.8517857142857144,dshield|turris_greylist|abuseipdb|spamhaus-xbl-cbl|uceprotect|blocklist_de-ssh|ciarmy,reconscanning|whitelist|researchscanners,2021-03-24T16:22:28Z,2025-08-10T18:18:37Z

64.62.197.112,scan-47e.shadowserver.org,6939,US,3850,5,3,AnomalyTraffic|AttemptLogin|ReconScanning,0.8517857142857144,dshield|turris_greylist|abuseipdb|spamhaus-xbl-cbl|uceprotect|blocklist_de-ssh|ciarmy,reconscanning|whitelist|researchscanners,2021-03-24T16:22:28Z,2025-08-10T18:18:37Z
64.62.197.112,scan-47e.shadowserver.org,6939,US,3850,5,3,AnomalyTraffic|AttemptLogin|ReconScanning,0.8517857142857144,dshield|turris_greylist|abuseipdb|spamhaus-xbl-cbl|uceprotect|blocklist_de-ssh|ciarmy,reconscanning|whitelist|researchscanners,2021-03-24T16:22:28Z,2025-08-10T18:18:37Z
64.62.197.112,scan-47e.shadowserver.org,6939,US,3850,5,3,AnomalyTraffic|AttemptLogin|ReconScanning,0.8517857142857144,dshield|turris_greylist|abuseipdb|spamhaus-xbl-cbl|uceprotect|blocklist_de-ssh|ciarmy,reconscanning|whitelist|researchscanners,2021-03-24T16:22:28Z,2025-08-10T18:18:37Z

64.62.197.112,scan-47e.shadowserver.org,6939,US,3850,5,3,AnomalyTraffic|AttemptLogin|ReconScanning,0.8517857142857144,dshield|turris_greylist|abuseipdb|spamhaus-xbl-cbl|uceprotect|blocklist_de-ssh|ciarmy,reconscanning|whitelist|researchscanners,2021-03-24T16:22:28Z,2025-08-10T18:18:37Z
64.62.197.112,scan-47e.shadowserver.org,6939,US,3850,5,3,AnomalyTraffic|AttemptLogin|ReconScanning,0.8517857142857144,dshield|turris_greylist|abuseipdb|spamhaus-xbl-cbl|uceprotect|blocklist_de-ssh|ciarmy,reconscanning|whitelist|researchscanners,2021-03-24T16:22:28Z,2025-08-10T18:18:37Z
64.62.197.112,scan-47e.shadowserver.org,6939,US,3850,5,3,AnomalyTraffic|AttemptLogin|ReconScanning,0.8517857142857144,dshield|turris_greylist|abuseipdb|spamhaus-xbl-cbl|uceprotect|blocklist_de-ssh|ciarmy,reconscanning|whitelist|researchscanners,2021-03-24T16:22:28Z,2025-08-10T18:18:37Z
64.62.197.112,scan-47e.shadowserver.org,6939,US,3850,5,3,AnomalyTraffic|AttemptLogin|ReconScanning,0.8517857142857144,dshield|turris_greylist|abuseipdb|spamhaus-xbl-cbl|uceprotect|blocklist_de-ssh|ciarmy,reconscanning|whitelist|researchscanners,2021-03-24T16:22:28Z,2025-08-10T18:18:37Z

64.62.197.112,scan-47e.shadowserver.org,6939,US,3850,5,3,AnomalyTraffic|AttemptLogin|ReconScanning,0.8517857142857144,dshield|turris_greylist|abuseipdb|spamhaus-xbl-cbl|uceprotect|blocklist_de-ssh|ciarmy,reconscanning|whitelist|researchscanners,2021-03-24T16:22:28Z,2025-08-10T18:18:37Z
64.62.197.112,scan-47e.shadowserver.org,6939,US,3850,5,3,AnomalyTraffic|AttemptLogin|ReconScanning,0.8517857142857144,dshield|turris_greylist|abuseipdb|spamhaus-xbl-cbl|uceprotect|blocklist_de-ssh|ciarmy,reconscanning|whitelist|researchscanners,2021-03-24T16:22:28Z,2025-08-10T18:18:37Z
64.62.197.112,scan-47e.shadowserver.org,6939,US,3850,5,3,AnomalyTraffic|AttemptLogin|ReconScanning,0.8517857142857144,dshield|turris_greylist|abuseipdb|spamhaus-xbl-cbl|uceprotect|blocklist_de-ssh|ciarmy,reconscanning|whitelist|researchscanners,2021-03-24T16:22:28Z,2025-08-10T18:18:37Z
64.62.197.112,scan-47e.shadowserver.org,6939,US,3850,5,3,AnomalyTraffic|AttemptLogin|ReconScanning,0.8517857142857144,dshield|turris_greylist|abuseipdb|spamhaus-xbl-cbl|uceprotect|blocklist_de-ssh|ciarmy,reconscanning|whitelist|researchscanners,2021-03-24T16:22:28Z,2025-08-10T18:18:37Z
64.62.197.112,scan-47e.shadowserver.org,6939,US,3850,5,3,AnomalyTraffic|AttemptLogin|ReconScanning,0.8517857142857144,dshield|turris_greylist|abuseipdb|spamhaus-xbl-cbl|uceprotect|blocklist_de-ssh|ciarmy,reconscanning|whitelist|researchscanners,2021-03-24T16:22:28Z,2025-08-10T18:18:37Z
64.62.197.112,scan-47e.shadowserver.org,6939,US,3850,5,3,AnomalyTraffic|AttemptLogin|ReconScanning,0.8517857142857144,dshield|turris_greylist|abuseipdb|spamhaus-xbl-cbl|uceprotect|blocklist_de-ssh|ciarmy,reconscanning|whitelist|researchscanners,2021-03-24T16:22:28Z,2025-08-10T18:18:37Z
64.62.197.112,scan-47e.shadowserver.org,6939,US,3850,5,3,AnomalyTraffic|AttemptLogin|ReconScanning,0.8517857142857144,dshield|turris_greylist|abuseipdb|spamhaus-xbl-cbl|uceprotect|blocklist_de-ssh|ciarmy,reconscanning|whitelist|researchscanners,2021-03-24T16:22:28Z,2025-08-10T18:18:37Z

64.62.197.112,scan-47e.shadowserver.org,6939,US,3850,5,3,AnomalyTraffic|AttemptLogin|ReconScanning,0.8517857142857144,dshield|turris_greylist|abuseipdb|spamhaus-xbl-cbl|uceprotect|blocklist_de-ssh|ciarmy,reconscanning|whitelist|researchscanners,2021-03-24T16:22:28Z,2025-08-10T18:18:37Z
64.62.197.112,scan-47e.shadowserver.org,6939,US,3850,5,3,AnomalyTraffic|AttemptLogin|ReconScanning,0.8517857142857144,dshield|turris_greylist|abuseipdb|spamhaus-xbl-cbl|uceprotect|blocklist_de-ssh|ciarmy,reconscanning|whitelist|researchscanners,2021-03-24T16:22:28Z,2025-08-10T18:18:37Z

64.62.197.112,scan-47e.shadowserver.org,6939,US,3850,5,3,AnomalyTraffic|AttemptLogin|ReconScanning,0.8517857142857144,dshield|turris_greylist|abuseipdb|spamhaus-xbl-cbl|uceprotect|blocklist_de-ssh|ciarmy,reconscanning|whitelist|researchscanners,2021-03-24T16:22:28Z,2025-08-10T18:18:37Z
64.62.197.112,scan-47e.shadowserver.org,6939,US,3850,5,3,AnomalyTraffic|AttemptLogin|ReconScanning,0.8517857142857144,dshield|turris_greylist|abuseipdb|spamhaus-xbl-cbl|uceprotect|blocklist_de-ssh|ciarmy,reconscanning|whitelist|researchscanners,2021-03-24T16:22:28Z,2025-08-10T18:18:37Z
64.62.197.112,scan-47e.shadowserver.org,6939,US,3850,5,3,AnomalyTraffic|AttemptLogin|ReconScanning,0.8517857142857144,dshield|turris_greylist|abuseipdb|spamhaus-xbl-cbl|uceprotect|blocklist_de-ssh|ciarmy,reconscanning|whitelist|researchscanners,2021-03-24T16:22:28Z,2025-08-10T18:18:37Z
64.62.197.112,scan-47e.shadowserver.org,6939,US,3850,5,3,AnomalyTraffic|AttemptLogin|ReconScanning,0.8517857142857144,dshield|turris_greylist|abuseipdb|spamhaus-xbl-cbl|uceprotect|blocklist_de-ssh|ciarmy,reconscanning|whitelist|researchscanners,2021-03-24T16:22:28Z,2025-08-10T18:18:37Z
64.62.197.112,scan-47e.shadowserver.org,6939,US,3850,5,3,AnomalyTraffic|AttemptLogin|ReconScanning,0.8517857142857144,dshield|turris_greylist|abuseipdb|spamhaus-xbl-cbl|uceprotect|blocklist_de-ssh|ciarmy,reconscanning|whitelist|researchscanners,2021-03-24T16:22:28Z,2025-08-10T18:18:37Z
64.62.197.112,scan-47e.shadowserver.org,6939,US,3850,5,3,AnomalyTraffic|AttemptLogin|ReconScanning,0.8517857142857144,dshield|turris_greylist|abuseipdb|spamhaus-xbl-cbl|uceprotect|blocklist_de-ssh|ciarmy,reconscanning|whitelist|researchscanners,2021-03-24T16:22:28Z,2025-08-10T18:18:37Z
64.62.197.112,scan-47e.shadowserver.org,6939,US,3850,5,3,AnomalyTraffic|AttemptLogin|ReconScanning,0.8517857142857144,dshield|turris_greylist|abuseipdb|spamhaus-xbl-cbl|uceprotect|blocklist_de-ssh|ciarmy,reconscanning|whitelist|researchscanners,2021-03-24T16:22:28Z,2025-08-10T18:18:37Z

64.62.197.112,scan-47e.shadowserver.org,6939,US,3850,5,3,AnomalyTraffic|AttemptLogin|ReconScanning,0.8517857142857144,dshield|turris_greylist|abuseipdb|spamhaus-xbl-cbl|uceprotect|blocklist_de-ssh|ciarmy,reconscanning|whitelist|researchscanners,2021-03-24T16:22:28Z,2025-08-10T18:18:37Z
64.62.197.112,scan-47e.shadowserver.org,6939,US,3850,5,3,AnomalyTraffic|AttemptLogin|ReconScanning,0.8517857142857144,dshield|turris_greylist|abuseipdb|spamhaus-xbl-cbl|uceprotect|blocklist_de-ssh|ciarmy,reconscanning|whitelist|researchscanners,2021-03-24T16:22:28Z,2025-08-10T18:18:37Z
64.62.197.112,scan-47e.shadowserver.org,6939,US,3850,5,3,AnomalyTraffic|AttemptLogin|ReconScanning,0.8517857142857144,dshield|turris_greylist|abuseipdb|spamhaus-xbl-cbl|uceprotect|blocklist_de-ssh|ciarmy,reconscanning|whitelist|researchscanners,2021-03-24T16:22:28Z,2025-08-10T18:18:37Z
64.62.197.112,scan-47e.shadowserver.org,6939,US,3850,5,3,AnomalyTraffic|AttemptLogin|ReconScanning,0.8517857142857144,dshield|turris_greylist|abuseipdb|spamhaus-xbl-cbl|uceprotect|blocklist_de-ssh|ciarmy,reconscanning|whitelist|researchscanners,2021-03-24T16:22:28Z,2025-08-10T18:18:37Z
64.62.197.112,scan-47e.shadowserver.org,6939,US,3850,5,3,AnomalyTraffic|AttemptLogin|ReconScanning,0.8517857142857144,dshield|turris_greylist|abuseipdb|spamhaus-xbl-cbl|uceprotect|blocklist_de-ssh|ciarmy,reconscanning|whitelist|researchscanners,2021-03-24T16:22:28Z,2025-08-10T18:18:37Z
